id,created_at,email,is_admin,full_name
1,2024-03-26T16:18:25,matthewsdouglas@hotmail.com,False,Jesus Cook
2,2024-06-06T11:18:19,gstout@roach.net,False,Theodore Compton
3,2024-05-31T14:34:55,kevinnguyen@fox.com,False,Mrs. Jillian Smith
4,2024-07-06T07:21:59,carlburton@gmail.com,False,Cynthia Williams
5,2024-09-20T23:00:58,srice@yahoo.com,False,Shane Lowe
6,2024-04-08T02:32:33,jonathondonaldson@gmail.com,False,Connie Hines
7,2024-02-07T11:45:35,andre85@gmail.com,False,Betty Williams
8,2024-02-19T00:11:53,bjensen@gmail.com,False,Wesley Alexander
9,2024-09-01T06:56:32,mlawrence@wilson-anderson.info,False,Leonard May
10,2024-07-10T18:13:15,hartmanstephen@yahoo.com,False,Jesse Hampton
11,2024-03-02T21:05:09,eileencortez@wiley-porter.com,False,Jennifer Gutierrez DDS
12,2024-09-13T09:50:16,alexissanchez@stewart.biz,False,Maria James
13,2024-02-04T14:28:23,zgibbs@gmail.com,False,Martha Wilson
14,2024-07-25T16:04:40,michaelwilson@gmail.com,False,Joshua Johnson Jr.
15,2024-02-05T08:33:36,ssalazar@crawford.com,False,Candice Hopkins
16,2024-01-06T04:15:30,andrew08@bailey.com,False,Diana Burgess
17,2024-06-05T03:09:16,nolaneric@rivera-robinson.com,False,John Kennedy
18,2024-06-13T08:46:51,williamreed@hotmail.com,False,Andrew Hernandez
19,2024-02-12T20:13:56,ygentry@wagner.info,False,Darlene Mcbride
20,2024-05-19T18:45:31,lorraine29@hotmail.com,False,Paula Lawrence
21,2024-05-02T07:25:49,bchavez@gibson.com,False,Michael Petersen
22,2024-03-06T19:10:37,linda54@phillips.org,False,Jason Aguilar Jr.
23,2024-08-02T16:52:18,christopherhunt@gmail.com,False,Joseph Ochoa
24,2024-01-18T10:45:46,shawnbentley@green.org,False,Kelly Phillips
25,2024-03-03T10:02:13,paulholt@sanchez.org,False,Marissa Wilcox
26,2024-07-08T23:33:07,david66@hotmail.com,False,Stephen King
27,2024-07-11T18:45:34,rrosario@wright.com,False,Jeffery Medina
28,2024-03-12T23:40:15,brownkyle@vaughn.org,False,Justin Williams
29,2024-03-02T16:57:29,shenderson@black.com,False,Clifford Howell
30,2024-07-09T22:04:59,james30@hotmail.com,False,Michelle Young
31,2024-06-02T13:30:56,villanuevasamantha@marshall.com,False,Sandra Weber
32,2024-07-13T23:42:11,kelly81@newman.com,False,Amber Morrison
33,2024-05-17T09:36:04,calvin53@hotmail.com,False,Jeremiah Scott
34,2024-05-03T03:29:46,walkerjoseph@hotmail.com,False,Karen Woodard
35,2024-09-11T11:18:01,williamsdylan@jones.com,False,Penny Williams DVM
36,2024-08-22T22:16:20,nicholsann@gmail.com,False,Bruce Lopez
37,2024-04-13T23:20:42,tyrone18@walker.info,False,Kristen Patel
38,2024-07-05T20:11:02,melissa46@johnson.com,False,Kimberly Davies
39,2024-01-16T09:42:00,scottmcpherson@yahoo.com,False,Christina Ochoa
40,2024-04-15T18:27:41,khart@harris.net,False,Stephanie Kim
41,2024-04-16T14:55:54,sharon85@gmail.com,False,Derrick Turner
42,2024-03-10T08:13:58,michaelsanchez@rhodes-richards.info,False,Debra Zimmerman
43,2024-01-21T04:49:49,denisebell@avery.info,False,Jodi Bell
44,2024-01-19T12:47:59,meyerrebecca@brown.info,False,Derek Lee II
45,2024-08-04T16:24:52,michelle96@brennan.com,False,Steven Brown
46,2024-07-07T02:22:42,clayton72@hinton.com,False,Brianna Barr
47,2024-05-10T01:50:28,debrablankenship@gmail.com,False,Natasha Foster
48,2024-04-16T23:12:29,hsilva@hotmail.com,False,Emily Murray
49,2024-09-07T14:47:32,teresasalazar@hotmail.com,False,Madison Martin
50,2024-03-15T04:32:47,joseph99@gmail.com,False,Travis Bullock