id,created_at,user_id,message,user_email
1,2024-09-21T07:14:01.181484+00:00,12,"I had a fantastic stay at the hotel! The staff were friendly and the room was exceptionally clean. I would definitely recommend it to others.","alexissanchez@stewart.biz"
2,2024-09-21T07:34:30.181484+00:00,26,"The coffee in the lobby was a nice touch! I enjoyed having it available throughout the day.","david66@hotmail.com"
3,2024-09-21T07:35:15.181484+00:00,27,"The Wi-Fi was intermittent, which was frustrating while trying to work.","rrosario@wright.com"
4,2024-09-21T07:36:02.181484+00:00,28,"I loved the pool area! It was relaxing and well-maintained.","brownkyle@vaughn.org"
5,2024-09-21T07:36:50.181484+00:00,29,"I appreciated the quick check-in process. Very smooth experience.","shenderson@black.com"
6,2024-09-21T07:37:35.181484+00:00,30,"The location was ideal for sightseeing, but the noise at night was a bit bothersome.","james30@hotmail.com"
7,2024-09-21T07:38:20.181484+00:00,31,"I was impressed by the cleanliness and attention to detail in the room.","villanuevasamantha@marshall.com"
8,2024-09-21T07:39:05.181484+00:00,32,"I had an excellent dining experience at the restaurant. The food was delicious and service was outstanding!","kelly81@newman.com"
9,2024-09-21T07:39:50.181484+00:00,33,"I wish the hotel offered shuttle services to nearby attractions.","calvin53@hotmail.com"
10,2024-09-21T07:40:35.181484+00:00,34,"The staff were incredibly accommodating and helped me with my luggage. Great service!","walkerjoseph@hotmail.com"
11,2024-09-21T07:41:22.181484+00:00,35,"I had an amazing time! The hotel exceeded my expectations.","williamsdylan@jones.com"
12,2024-09-21T07:42:05.181484+00:00,36,"The gym hours were limited, making it hard to fit in my workouts.","nicholsann@gmail.com"
13,2024-09-21T07:42:50.181484+00:00,37,"The hotel was beautifully decorated, which added to the overall experience.","tyrone18@walker.info"
14,2024-09-21T07:43:36.181484+00:00,38,"My family enjoyed the stay! It was a great family-friendly atmosphere.","melissa46@johnson.com"
15,2024-09-21T07:44:20.181484+00:00,39,"The mattress was too firm for my preference. I had trouble sleeping well.","scottmcpherson@yahoo.com"
16,2024-09-21T07:45:05.181484+00:00,40,"I loved the rooftop terrace! It was a perfect place to unwind.","khart@harris.net"
17,2024-09-21T07:45:50.181484+00:00,41,"The staff's hospitality made all the difference in my experience. Thank you!","sharon85@gmail.com"
18,2024-09-21T07:46:35.181484+00:00,42,"I was disappointed with the lack of vegan options at breakfast.","michaelsanchez@rhodes-richards.info"
19,2024-09-21T07:47:20.181484+00:00,43,"The bed was incredibly comfortable, making my stay so much better.","denisebell@avery.info"
20,2024-09-21T07:48:05.181484+00:00,44,"Overall, a great experience! I would definitely come back again.","meyerrebecca@brown.info"
21,2024-09-21T07:48:50.181484+00:00,45,"I found the noise level in the hallway quite disruptive during my stay.","michelle96@brennan.com"
22,2024-09-21T07:49:35.181484+00:00,46,"The staff were friendly and helpful. I felt very welcome during my stay.","clayton72@hinton.com"
23,2024-09-21T07:50:20.181484+00:00,47,"I enjoyed the variety of toiletries provided in the bathroom. Nice touch!","debrablankenship@gmail.com"
24,2024-09-21T07:51:05.181484+00:00,48,"The hotel is conveniently located near many attractions. I had a great time exploring.","hsilva@hotmail.com"
25,2024-09-21T07:51:50.181484+00:00,49,"I would love to see more entertainment options available at the hotel.","teresasalazar@hotmail.com"
26,2024-09-21T07:52:35.181484+00:00,50,"Great stay overall! I appreciated the hospitality and cleanliness.","joseph99@gmail.com"
27,2024-09-21T07:53:20.181484+00:00,1,"I really appreciated the late check-out option. It helped me relax on my last day.","matthewsdouglas@hotmail.com"
28,2024-09-21T07:54:05.181484+00:00,2,"The shower was not as clean as expected, and I reported it to the staff.","gstout@roach.net"
29,2024-09-21T07:54:50.181484+00:00,3,"While the room was beautiful, the heating system was a bit noisy during the night.","kevinnguyen@fox.com"
30,2024-09-21T07:55:35.181484+00:00,4,"The front desk staff were very accommodating to my requests. Excellent service!","carlburton@gmail.com"
31,2024-09-21T07:56:20.181484+00:00,5,"I enjoyed the happy hour at the bar. The drinks were fantastic!","srice@yahoo.com"
32,2024-09-21T07:57:05.181484+00:00,6,"I wish there were more vegan options on the menu. That would be great!","jonathondonaldson@gmail.com"
33,2024-09-21T07:57:50.181484+00:00,7,"The pool area was clean and refreshing. A great place to unwind!","andre85@gmail.com"
34,2024-09-21T07:58:35.181484+00:00,8,"I appreciated the complimentary snacks in the lobby. It was a nice surprise!","bjensen@gmail.com"
35,2024-09-21T07:59:20.181484+00:00,9,"The hotel needs to improve its internet speed. It was very slow during my stay.","mlawrence@wilson-anderson.info"
36,2024-09-21T08:00:05.181484+00:00,10,"The location is perfect for exploring the city. I had a fabulous time!","hartmanstephen@yahoo.com"
37,2024-09-21T08:00:50.181484+00:00,11,"I found the check-out process to be quite slow and could use some improvement.","eileencortez@wiley-porter.com"
38,2024-09-21T08:01:35.181484+00:00,12,"The ambiance in the lobby was lovely, perfect for relaxing after a long day.","alexissanchez@stewart.biz"
39,2024-09-21T08:02:20.181484+00:00,13,"I appreciated the variety of pillows in the room; it really enhanced my comfort.","zgibbs@gmail.com"
40,2024-09-21T08:03:05.181484+00:00,14,"The staff at the restaurant were very attentive and made our dining experience enjoyable.","michaelwilson@gmail.com"
41,2024-09-21T08:03:50.181484+00:00,16,"I was disappointed that the spa was fully booked during my stay; I would have loved a treatment.","andrew08@bailey.com"
42,2024-09-21T08:04:35.181484+00:00,17,"The breakfast buffet had a great selection, but the food could have been warmer.","nolaneric@rivera-robinson.com"
43,2024-09-21T08:05:20.181484+00:00,18,"The evening entertainment was delightful, and it added a nice touch to our stay.","williamreed@hotmail.com"
44,2024-09-21T08:06:05.181484+00:00,19,"I enjoyed the complimentary drink on arrival. It was a lovely welcome gesture.","ygentry@wagner.info"
45,2024-09-21T08:06:50.181484+00:00,20,"The hotel grounds were beautiful, and I enjoyed walking around the gardens.","lorraine29@hotmail.com"
46,2024-09-21T08:07:35.181484+00:00,21,"I was surprised by how quiet the hotel was despite being fully booked; it made for a pleasant stay.","bchavez@gibson.com"
47,2024-09-21T08:08:20.181484+00:00,22,"I think the gym equipment could use some upgrades. Some machines were out of order.","linda54@phillips.org"
48,2024-09-21T08:09:05.181484+00:00,23,"The air conditioning in my room was a bit noisy, which disturbed my sleep at times.","christopherhunt@gmail.com"
49,2024-09-21T08:09:50.181484+00:00,24,"The hotel staff were incredibly helpful in giving me directions to local attractions.","shawnbentley@green.org"
50,2024-09-21T08:10:35.181484+00:00,25,"I loved the decor in the hotel; it gave a very cozy and inviting feel.","paulholt@sanchez.org"
51,2024-09-21T08:11:20.181484+00:00,36,"The security in the hotel made me feel very safe, which is very important to me.","nicholsann@gmail.com"
52,2024-09-21T08:12:05.181484+00:00,37,"The shuttle service to the airport was efficient and made my travel easier.","tyrone18@walker.info"
53,2024-09-21T08:12:50.181484+00:00,38,"The concierge was very knowledgeable and provided great recommendations.","melissa46@johnson.com"
54,2024-09-21T08:13:35.181484+00:00,39,"I wish there had been more entertainment options in the evenings; it was a bit quiet.","scottmcpherson@yahoo.com"
55,2024-09-21T08:14:20.181484+00:00,40,"The food at the restaurant was delicious, but the service was a bit slow.","khart@harris.net"
56,2024-09-21T08:15:05.181484+00:00,41,"I appreciated the variety of coffee options available in the room.","sharon85@gmail.com"
57,2024-09-21T08:15:50.181484+00:00,42,"The late-night snack bar was a lifesaver after a long day of exploring!","michaelsanchez@rhodes-richards.info"
58,2024-09-21T08:16:35.181484+00:00,43,"I think the hotel should consider offering bike rentals for guests to explore the area.","denisebell@avery.info"
59,2024-09-21T08:17:20.181484+00:00,44,"Overall, it was a wonderful experience, and I would love to return!","meyerrebecca@brown.info"
60,2024-09-21T08:18:05.181484+00:00,45,"I had a great time and the staff were very accommodating. Thank you for a lovely stay!","michelle96@brennan.com"
